{"cameraMode":{"drawMode":0,"name":"Shaded","section":"Shading Mode"},"sceneLighting":true,"audioPlay":false,"sceneViewState":{"showFog":false,"showMaterialUpdate":false,"showSkybox":false,"showFlares":false,"showImageEffects":false,"showParticleSystems":false},"in2DMode":false,"pivot":{"x":-10.708179473876954,"y":13.92251205444336,"z":55.26429748535156},"rotation":{"x":0.09671561419963837,"y":-0.025376873090863229,"z":0.0024666753597557546,"w":0.994986355304718},"size":53.25768280029297,"orthographic":false}