{"cameraMode":{"drawMode":0,"name":"Shaded","section":"Shading Mode"},"sceneLighting":false,"audioPlay":false,"sceneViewState":{"showFog":true,"showMaterialUpdate":true,"showSkybox":false,"showFlares":true,"showImageEffects":true,"showParticleSystems":true},"in2DMode":false,"pivot":{"x":-0.0045999884605407719,"y":0.009999999776482582,"z":-0.3999999761581421},"rotation":{"x":0.21382200717926026,"y":-0.6885914206504822,"z":0.22461257874965669,"w":0.655509352684021},"size":4.055700778961182,"orthographic":false}