{"cameraMode":{"drawMode":0,"name":"Shaded","section":"Shading Mode"},"sceneLighting":true,"audioPlay":false,"sceneViewState":{"showFog":true,"showMaterialUpdate":true,"showSkybox":false,"showFlares":true,"showImageEffects":true,"showParticleSystems":true},"in2DMode":false,"pivot":{"x":-5.3475470542907719,"y":3.733617067337036,"z":1.463170051574707},"rotation":{"x":0.1000802218914032,"y":0.3351491093635559,"z":-0.03582770377397537,"w":0.9361616969108582},"size":2.95343017578125,"orthographic":false}