{"cameraMode":{"drawMode":0,"name":"Shaded","section":"Shading Mode"},"sceneLighting":false,"audioPlay":false,"sceneViewState":{"showFog":true,"showMaterialUpdate":true,"showSkybox":false,"showFlares":true,"showImageEffects":true,"showParticleSystems":true},"in2DMode":false,"pivot":{"x":0.7698450088500977,"y":0.3065204620361328,"z":-1.862649917602539},"rotation":{"x":-0.029563117772340776,"y":0.9670358300209045,"z":-0.13282634317874909,"w":-0.21523283421993257},"size":2.855700969696045,"orthographic":false}