{"cameraMode":{"drawMode":0,"name":"Shaded","section":"Shading Mode"},"sceneLighting":false,"audioPlay":false,"sceneViewState":{"showFog":false,"showMaterialUpdate":false,"showSkybox":false,"showFlares":false,"showImageEffects":false,"showParticleSystems":false},"in2DMode":false,"pivot":{"x":0.006354928016662598,"y":0.8141591548919678,"z":-0.014590740203857422},"rotation":{"x":0.2632288634777069,"y":-0.014470749534666539,"z":0.00394876953214407,"w":0.9646174311637878},"size":3.8627188205718996,"orthographic":false}