{"cameraMode":{"drawMode":0,"name":"Shaded","section":"Shading Mode"},"sceneLighting":true,"audioPlay":false,"sceneViewState":{"showFog":false,"showMaterialUpdate":false,"showSkybox":false,"showFlares":false,"showImageEffects":false,"showParticleSystems":false},"in2DMode":false,"pivot":{"x":3.4083328247070314,"y":2.888795852661133,"z":4.194080352783203},"rotation":{"x":0.2534244954586029,"y":-0.29451459646224978,"z":0.08131855726242066,"w":0.9178369045257568},"size":5.577354431152344,"orthographic":false}