{"cameraMode":{"drawMode":0,"name":"Shaded","section":"Shading Mode"},"sceneLighting":true,"audioPlay":false,"sceneViewState":{"showFog":false,"showMaterialUpdate":false,"showSkybox":false,"showFlares":false,"showImageEffects":false,"showParticleSystems":false},"in2DMode":false,"pivot":{"x":-18.514068603515626,"y":-3.254983901977539,"z":3.64801025390625},"rotation":{"x":0.07846446335315705,"y":-0.7353847622871399,"z":0.08643201738595963,"w":0.6675485372543335},"size":16.780410766601564,"orthographic":false}