{"cameraMode":{"drawMode":0,"name":"Shaded","section":"Shading Mode"},"sceneLighting":true,"audioPlay":false,"sceneViewState":{"showFog":true,"showMaterialUpdate":true,"showSkybox":false,"showFlares":true,"showImageEffects":true,"showParticleSystems":true},"in2DMode":false,"pivot":{"x":-14.509020805358887,"y":1.517557144165039,"z":-3.330036163330078},"rotation":{"x":0.2083759307861328,"y":0.028151296079158784,"z":-0.005998325999826193,"w":0.9776371717453003},"size":9.398351669311524,"orthographic":false}