{"cameraMode":{"drawMode":0,"name":"Shaded","section":"Shading Mode"},"sceneLighting":false,"audioPlay":false,"sceneViewState":{"showFog":false,"showMaterialUpdate":false,"showSkybox":false,"showFlares":false,"showImageEffects":false,"showParticleSystems":false},"in2DMode":false,"pivot":{"x":-0.5611412525177002,"y":0.7682032585144043,"z":0.617377519607544},"rotation":{"x":0.07086079567670822,"y":-0.906745970249176,"z":0.1692207008600235,"w":0.3797197937965393},"size":1.354169487953186,"orthographic":false}