{"cameraMode":{"drawMode":0,"name":"Shaded","section":"Shading Mode"},"sceneLighting":true,"audioPlay":false,"sceneViewState":{"showFog":false,"showMaterialUpdate":false,"showSkybox":false,"showFlares":false,"showImageEffects":false,"showParticleSystems":false},"in2DMode":false,"pivot":{"x":1.5311737060546876,"y":-13.881309509277344,"z":-0.09720325469970703},"rotation":{"x":0.10295023769140244,"y":-0.7141707539558411,"z":0.10749687254428864,"w":0.6839638948440552},"size":47.97172927856445,"orthographic":false}