{"cameraMode":{"drawMode":0,"name":"Shaded","section":"Shading Mode"},"sceneLighting":false,"audioPlay":false,"sceneViewState":{"showFog":false,"showMaterialUpdate":false,"showSkybox":false,"showFlares":false,"showImageEffects":false,"showParticleSystems":false},"in2DMode":false,"pivot":{"x":-3.785728693008423,"y":0.5700638294219971,"z":-1.8660621643066407},"rotation":{"x":0.0964304581284523,"y":-0.30254417657852175,"z":0.030783027410507203,"w":0.9477453231811523},"size":2.5520389080047609,"orthographic":false}