{"cameraMode":{"drawMode":0,"name":"Shaded","section":"Shading Mode"},"sceneLighting":true,"audioPlay":false,"sceneViewState":{"showFog":true,"showMaterialUpdate":true,"showSkybox":false,"showFlares":true,"showImageEffects":true,"showParticleSystems":true},"in2DMode":false,"pivot":{"x":24.624298095703126,"y":-16.26032066345215,"z":21.575265884399415},"rotation":{"x":0.36050480604171755,"y":-0.047544822096824649,"z":0.018405286595225335,"w":0.931372344493866},"size":7.6607489585876469,"orthographic":false}