{"cameraMode":{"drawMode":0,"name":"Shaded","section":"Shading Mode"},"sceneLighting":false,"audioPlay":false,"sceneViewState":{"showFog":true,"showMaterialUpdate":true,"showSkybox":false,"showFlares":true,"showImageEffects":true,"showParticleSystems":true},"in2DMode":false,"pivot":{"x":5.708984375,"y":0.6199951171875,"z":16.611587524414064},"rotation":{"x":-0.024258285760879518,"y":0.7104923725128174,"z":-0.02452174201607704,"w":-0.7028634548187256},"size":10.484152793884278,"orthographic":true}