{"cameraMode":{"drawMode":0,"name":"Shaded","section":"Shading Mode"},"sceneLighting":false,"audioPlay":false,"sceneViewState":{"showFog":false,"showMaterialUpdate":false,"showSkybox":false,"showFlares":false,"showImageEffects":false,"showParticleSystems":false},"in2DMode":false,"pivot":{"x":-0.00019097328186035156,"y":0.8236286640167236,"z":-0.0069580078125},"rotation":{"x":0.2632288634777069,"y":-0.014470749534666539,"z":0.00394876953214407,"w":0.9646174311637878},"size":3.8514678478240969,"orthographic":false}