{"cameraMode":{"drawMode":0,"name":"Shaded","section":"Shading Mode"},"sceneLighting":true,"audioPlay":false,"sceneViewState":{"showFog":false,"showMaterialUpdate":false,"showSkybox":false,"showFlares":false,"showImageEffects":false,"showParticleSystems":false},"in2DMode":false,"pivot":{"x":-5.486109733581543,"y":-13.143577575683594,"z":85.85718536376953},"rotation":{"x":0.1354617178440094,"y":-0.01634712517261505,"z":0.00223530107177794,"w":0.9906448125839233},"size":51.60934066772461,"orthographic":false}