{"cameraMode":{"drawMode":0,"name":"Shaded","section":"Shading Mode"},"sceneLighting":true,"audioPlay":false,"sceneViewState":{"showFog":false,"showMaterialUpdate":false,"showSkybox":false,"showFlares":false,"showImageEffects":false,"showParticleSystems":false},"in2DMode":false,"pivot":{"x":-7.014013767242432,"y":12.596637725830079,"z":51.107452392578128},"rotation":{"x":0.10566194355487824,"y":-0.026845423504710199,"z":0.00285355350933969,"w":0.9940354824066162},"size":38.04732131958008,"orthographic":false}