{"cameraMode":{"drawMode":0,"name":"Shaded","section":"Shading Mode"},"sceneLighting":false,"audioPlay":false,"sceneViewState":{"showFog":true,"showMaterialUpdate":true,"showSkybox":false,"showFlares":true,"showImageEffects":true,"showParticleSystems":true},"in2DMode":false,"pivot":{"x":-5.228917121887207,"y":-0.6659431457519531,"z":11.006752014160157},"rotation":{"x":0.1551211029291153,"y":-0.055683691054582599,"z":0.00875795353204012,"w":0.9862868189811707},"size":6.32655143737793,"orthographic":false}