{
    "name": "root",
    "gauges": {
        "Player.Policy.Entropy.mean": {
            "value": 1.1607941389083862,
            "min": 0.9825146198272705,
            "max": 1.3784619569778442,
            "count": 40
        },
        "Player.Policy.ExtrinsicValueEstimate.mean": {
            "value": -0.11377071589231491,
            "min": -0.6127391457557678,
            "max": -0.08934769034385681,
            "count": 40
        },
        "Player.Policy.CuriosityValueEstimate.mean": {
            "value": 2.1959073543548584,
            "min": 1.8560312986373901,
            "max": 7.354747295379639,
            "count": 40
        },
        "Player.Environment.EpisodeLength.mean": {
            "value": 5689.25,
            "min": 372.1764705882353,
            "max": 9999.0,
            "count": 33
        },
        "Player.Environment.CumulativeReward.mean": {
            "value": -1.2281249846491846,
            "min": -4.638100184965879,
            "max": -1.0739529544816298,
            "count": 33
        },
        "Player.Policy.ExtrinsicReward.mean": {
            "value": -1.2281249846491846,
            "min": -4.638100184965879,
            "max": -1.0739529544816298,
            "count": 33
        },
        "Player.Policy.CuriosityReward.mean": {
            "value": 12.221850507659838,
            "min": 0.0,
            "max": 714.2790488004684,
            "count": 33
        },
        "Player.IsTraining.mean": {
            "value": 1.0,
            "min": 1.0,
            "max": 1.0,
            "count": 40
        },
        "Player.Losses.ValueLoss.mean": {
            "value": 0.03156457096338272,
            "min": 0.012286948040127754,
            "max": 0.9354411363601685,
            "count": 38
        },
        "Player.Losses.PolicyLoss.mean": {
            "value": 0.04143479838967323,
            "min": 0.026760375127196312,
            "max": 0.04238857328891754,
            "count": 38
        },
        "Player.Policy.LearningRate.mean": {
            "value": 0.0002998827549163252,
            "min": 0.0002998827549163252,
            "max": 0.0002999969874508679,
            "count": 38
        },
        "Player.Policy.Epsilon.mean": {
            "value": 0.19996093213558197,
            "min": 0.19996093213558197,
            "max": 0.19999895989894867,
            "count": 38
        },
        "Player.Policy.Beta.mean": {
            "value": 0.004998051095753908,
            "min": 0.004998051095753908,
            "max": 0.004999947734177113,
            "count": 38
        },
        "Player.Losses.CuriosityForwardLoss.mean": {
            "value": 0.020861230790615082,
            "min": 0.020861230790615082,
            "max": 34.096561431884766,
            "count": 38
        },
        "Player.Losses.CuriosityInverseLoss.mean": {
            "value": 1.2491099834442139,
            "min": 0.988048791885376,
            "max": 1.381386399269104,
            "count": 38
        },
        "BadCar.Policy.Entropy.mean": {
            "value": 0.8347546458244324,
            "min": 0.8073216080665588,
            "max": 1.0704395771026611,
            "count": 30
        },
        "BadCar.Policy.ExtrinsicValueEstimate.mean": {
            "value": -0.13821250200271606,
            "min": -3.739579200744629,
            "max": 0.05079459771513939,
            "count": 30
        },
        "BadCar.Policy.CuriosityValueEstimate.mean": {
            "value": 0.007784450892359018,
            "min": -5.657057762145996,
            "max": 0.018275434151291847,
            "count": 30
        },
        "BadCar.Environment.EpisodeLength.mean": {
            "value": 220.91489361702128,
            "min": 62.41772151898734,
            "max": 327.2368421052632,
            "count": 30
        },
        "BadCar.Environment.CumulativeReward.mean": {
            "value": -0.266652176364163,
            "min": -0.5327222286141478,
            "max": 0.8899280676775673,
            "count": 30
        },
        "BadCar.Policy.ExtrinsicReward.mean": {
            "value": -0.266652176364163,
            "min": -0.5327222286141478,
            "max": 0.8899280676775673,
            "count": 30
        },
        "BadCar.Policy.CuriosityReward.mean": {
            "value": 0.20681655766827095,
            "min": 0.0,
            "max": 17.080981063146663,
            "count": 30
        },
        "BadCar.IsTraining.mean": {
            "value": 1.0,
            "min": 1.0,
            "max": 1.0,
            "count": 30
        },
        "BadCar.Losses.ValueLoss.mean": {
            "value": 0.003822699887678027,
            "min": 0.003822699887678027,
            "max": 11.997633934020996,
            "count": 29
        },
        "BadCar.Losses.PolicyLoss.mean": {
            "value": 0.037489984184503555,
            "min": 0.030346577987074852,
            "max": 0.04034939780831337,
            "count": 29
        },
        "BadCar.Policy.LearningRate.mean": {
            "value": 0.0002999105490744114,
            "min": 0.0002999105490744114,
            "max": 0.0002999969874508679,
            "count": 29
        },
        "BadCar.Policy.Epsilon.mean": {
            "value": 0.19997018575668335,
            "min": 0.19997018575668335,
            "max": 0.19999895989894867,
            "count": 29
        },
        "BadCar.Policy.Beta.mean": {
            "value": 0.004998512100428343,
            "min": 0.004998512100428343,
            "max": 0.004999947734177113,
            "count": 29
        },
        "BadCar.Losses.CuriosityForwardLoss.mean": {
            "value": 0.15201516449451447,
            "min": 0.12004383653402328,
            "max": 334.8018798828125,
            "count": 29
        },
        "BadCar.Losses.CuriosityInverseLoss.mean": {
            "value": 0.5767946839332581,
            "min": 0.5005584955215454,
            "max": 1.2387300729751587,
            "count": 29
        },
        "GoodCar.Policy.Entropy.mean": {
            "value": 0.7620293498039246,
            "min": 0.6017576456069946,
            "max": 1.0702381134033203,
            "count": 20
        },
        "GoodCar.Policy.ExtrinsicValueEstimate.mean": {
            "value": 0.3624577224254608,
            "min": -3.634589910507202,
            "max": 0.3817206919193268,
            "count": 20
        },
        "GoodCar.Policy.CuriosityValueEstimate.mean": {
            "value": 3.142749547958374,
            "min": -5.751056671142578,
            "max": 4.522884368896484,
            "count": 20
        },
        "GoodCar.Environment.EpisodeLength.mean": {
            "value": 36.58646616541353,
            "min": 31.859016393442623,
            "max": 81.51239669421487,
            "count": 20
        },
        "GoodCar.Environment.CumulativeReward.mean": {
            "value": 0.389830820265058,
            "min": 0.3626999957161024,
            "max": 0.8199775239552131,
            "count": 20
        },
        "GoodCar.Policy.ExtrinsicReward.mean": {
            "value": 0.389830820265058,
            "min": 0.3626999957161024,
            "max": 0.8199775239552131,
            "count": 20
        },
        "GoodCar.Policy.CuriosityReward.mean": {
            "value": 1.5487155132415824,
            "min": 0.0,
            "max": 70.88560843291106,
            "count": 20
        },
        "GoodCar.IsTraining.mean": {
            "value": 1.0,
            "min": 1.0,
            "max": 1.0,
            "count": 20
        },
        "GoodCar.Losses.ValueLoss.mean": {
            "value": 0.3334275186061859,
            "min": 0.3334275186061859,
            "max": 89.51644134521484,
            "count": 19
        },
        "GoodCar.Losses.PolicyLoss.mean": {
            "value": 0.025882000103592873,
            "min": 0.025882000103592873,
            "max": 0.0419301837682724,
            "count": 19
        },