{
    "name": "root",
    "gauges": {
        "Player.Policy.Entropy.mean": {
            "value": 0.9933158159255981,
            "min": 0.2541845738887787,
            "max": 1.3860890865325928,
            "count": 203
        },
        "Player.Policy.ExtrinsicValueEstimate.mean": {
            "value": -0.1382509469985962,
            "min": -0.3531914949417114,
            "max": 0.4287879765033722,
            "count": 203
        },
        "Player.Policy.CuriosityValueEstimate.mean": {
            "value": 0.33572909235954285,
            "min": 0.013634900562465191,
            "max": 1.0684406757354736,
            "count": 203
        },
        "Player.Environment.EpisodeLength.mean": {
            "value": 970.0,
            "min": 71.32857142857142,
            "max": 9999.0,
            "count": 188
        },
        "Player.Environment.CumulativeReward.mean": {
            "value": -1.3162838176358491,
            "min": -21.44483688659966,
            "max": 0.6127000046350682,
            "count": 187
        },
        "Player.Policy.ExtrinsicReward.mean": {
            "value": -1.3162838176358491,
            "min": -21.44483688659966,
            "max": 0.6127000046350682,
            "count": 187
        },
        "Player.Policy.CuriosityReward.mean": {
            "value": 3.1578173512084917,
            "min": 0.0,
            "max": 179.49889624118805,
            "count": 187
        },
        "Player.IsTraining.mean": {
            "value": 1.0,
            "min": 1.0,
            "max": 1.0,
            "count": 203
        },
        "Player.Losses.ValueLoss.mean": {
            "value": 0.0016794753028079867,
            "min": 0.0001767458306858316,
            "max": 0.06248760595917702,
            "count": 197
        },
        "Player.Losses.PolicyLoss.mean": {
            "value": 0.03409919515252113,
            "min": 0.024404730647802353,
            "max": 0.04488380625844002,
            "count": 197
        },
        "Player.Policy.LearningRate.mean": {
            "value": 0.0002993927337229252,
            "min": 0.0002993927337229252,
            "max": 0.0002999969874508679,
            "count": 197
        },
        "Player.Policy.Epsilon.mean": {
            "value": 0.1997976005077362,
            "min": 0.1997976005077362,
            "max": 0.19999895989894867,
            "count": 197
        },
        "Player.Policy.Beta.mean": {
            "value": 0.0049898987635970116,
            "min": 0.0049898987635970116,
            "max": 0.004999947734177113,
            "count": 197
        },
        "Player.Losses.CuriosityForwardLoss.mean": {
            "value": 0.03375422582030296,
            "min": 0.019316619262099266,
            "max": 0.4940563142299652,
            "count": 197
        },
        "Player.Losses.CuriosityInverseLoss.mean": {
            "value": 0.47238314151763916,
            "min": 0.1560191959142685,
            "max": 1.3859504461288452,
            "count": 197
        },
        "BadCar.Policy.Entropy.mean": {
            "value": 0.14217321574687958,
            "min": 0.1308477520942688,
            "max": 1.086480975151062,
            "count": 51
        },
        "BadCar.Environment.EpisodeLength.mean": {
            "value": 27.537142857142857,
            "min": 24.13065326633166,
            "max": 283.0,
            "count": 51
        },
        "BadCar.Policy.ExtrinsicValueEstimate.mean": {
            "value": 0.736336350440979,
            "min": -131534.984375,
            "max": 0.759475588798523,
            "count": 51
        },
        "BadCar.Policy.CuriosityValueEstimate.mean": {
            "value": 3.0454697608947754,
            "min": 1.481634259223938,
            "max": 36052.5,
            "count": 51
        },
        "BadCar.Environment.CumulativeReward.mean": {
            "value": 0.7297085909485551,
            "min": -0.9079999696639389,
            "max": 0.8698495522923885,
            "count": 51
        },
        "BadCar.Policy.ExtrinsicReward.mean": {
            "value": 0.7297085909485551,
            "min": -0.9079999696639389,
            "max": 0.8698495522923885,
            "count": 51
        },
        "BadCar.Policy.CuriosityReward.mean": {
            "value": 0.08142552040650376,
            "min": 0.0,
            "max": 190.93453111299655,
            "count": 51
        },
        "BadCar.IsTraining.mean": {
            "value": 1.0,
            "min": 1.0,
            "max": 1.0,
            "count": 51
        },
        "BadCar.Losses.ValueLoss.mean": {
            "value": 0.47187355160713196,
            "min": 0.4613741934299469,
            "max": 1253485440.0,
            "count": 49
        },
        "BadCar.Losses.PolicyLoss.mean": {
            "value": 0.03622619807720184,
            "min": 0.025881430134177208,
            "max": 0.3686322271823883,
            "count": 49
        },
        "BadCar.Policy.LearningRate.mean": {
            "value": 0.00029984908178448677,
            "min": 0.00029984908178448677,
            "max": 0.0002999969874508679,
            "count": 49
        },
        "BadCar.Policy.Epsilon.mean": {
            "value": 0.1999496966600418,
            "min": 0.1999496966600418,
            "max": 0.19999895989894867,
            "count": 49
        },
        "BadCar.Policy.Beta.mean": {
            "value": 0.00499749043956399,
            "min": 0.00499749043956399,
            "max": 0.004999947734177113,
            "count": 49
        },
        "BadCar.Losses.CuriosityForwardLoss.mean": {
            "value": 0.2872351408004761,
            "min": 0.2872351408004761,
            "max": 3235743488.0,
            "count": 49
        },
        "BadCar.Losses.CuriosityInverseLoss.mean": {
            "value": 0.09382203221321106,
            "min": 0.07607484608888626,
            "max": 15.196183204650879,
            "count": 49
        },
        "GoodCar.Policy.Entropy.mean": {
            "value": 0.32175514101982117,
            "min": 0.00021367985755205154,
            "max": 0.9949498176574707,
            "count": 83
        },
        "GoodCar.Environment.EpisodeLength.mean": {
            "value": 36.714285714285715,
            "min": 23.440097799511,
            "max": 116.24719101123596,
            "count": 83
        },
        "GoodCar.Policy.ExtrinsicValueEstimate.mean": {
            "value": 0.5658339858055115,
            "min": -9.087449073791504,
            "max": 0.7927170991897583,
            "count": 83
        },
        "GoodCar.Policy.CuriosityValueEstimate.mean": {
            "value": 34.70574188232422,
            "min": 0.6376879811286926,
            "max": 34.70574188232422,
            "count": 83
        },
        "GoodCar.Environment.CumulativeReward.mean": {
            "value": 0.7926278064689157,
            "min": 0.08516380167366996,
            "max": 0.8472977815236791,
            "count": 83
        },
        "GoodCar.Policy.ExtrinsicReward.mean": {
            "value": 0.7926278064689157,
            "min": 0.08516380167366996,
            "max": 0.8472977815236791,
            "count": 83
        },
        "GoodCar.Policy.CuriosityReward.mean": {
            "value": 0.8985774219316199,
            "min": 0.0,
            "max": 104.0535912031538,
            "count": 83
        },
        "GoodCar.IsTraining.mean": {
            "value": 1.0,
            "min": 1.0,
            "max": 1.0,
            "count": 83
        },
        "GoodCar.Losses.ValueLoss.mean": {
            "value": 10.216504096984863,
            "min": 0.28970447182655334,
            "max": 85.1086654663086,
            "count": 80
        },
        "GoodCar.Losses.PolicyLoss.mean": {
            "value": 0.0393756665289402,
            "min": 0.022954750806093216,
            "max": 0.2566123604774475,
            "count": 80
        },