{
    "name": "root",
    "gauges": {
        "Player.Policy.Entropy.mean": {
            "value": 0.40771809220314026,
            "min": 0.28037700057029724,
            "max": 0.6277695298194885,
            "count": 201
        },
        "Player.Environment.EpisodeLength.mean": {
            "value": 153.7462686567164,
            "min": 52.63461538461539,
            "max": 3168.0,
            "count": 201
        },
        "Player.Policy.ExtrinsicValueEstimate.mean": {
            "value": 0.23836056888103485,
            "min": -0.08093594759702682,
            "max": 0.5890989303588867,
            "count": 201
        },
        "Player.Policy.CuriosityValueEstimate.mean": {
            "value": 0.5921554565429688,
            "min": 0.4460204243659973,
            "max": 0.8988428115844727,
            "count": 201
        },
        "Player.Environment.CumulativeReward.mean": {
            "value": 0.3014943796478099,
            "min": -3.093381956219673,
            "max": 0.7994176077011687,
            "count": 201
        },
        "Player.Policy.ExtrinsicReward.mean": {
            "value": 0.3014943796478099,
            "min": -3.093381956219673,
            "max": 0.7994176077011687,
            "count": 201
        },
        "Player.Policy.CuriosityReward.mean": {
            "value": 0.6410415189792261,
            "min": 0.0,
            "max": 25.956431418657303,
            "count": 201
        },
        "Player.IsTraining.mean": {
            "value": 1.0,
            "min": 1.0,
            "max": 1.0,
            "count": 201
        },
        "Player.Losses.ValueLoss.mean": {
            "value": 0.014045893214643002,
            "min": 0.000591358810197562,
            "max": 0.03173476457595825,
            "count": 195
        },
        "Player.Losses.PolicyLoss.mean": {
            "value": 0.03381214663386345,
            "min": 0.028214406222105026,
            "max": 0.045023247599601746,
            "count": 195
        },
        "Player.Policy.LearningRate.mean": {
            "value": 0.000297856138786301,
            "min": 0.000297856138786301,
            "max": 0.00029845384415239096,
            "count": 195
        },
        "Player.Policy.Epsilon.mean": {
            "value": 0.19928540289402008,
            "min": 0.19928540289402008,
            "max": 0.19948461651802063,
            "count": 195
        },
        "Player.Policy.Beta.mean": {
            "value": 0.004964341875165701,
            "min": 0.004964341875165701,
            "max": 0.004974282346665859,
            "count": 195
        },
        "Player.Losses.CuriosityForwardLoss.mean": {
            "value": 0.03811890631914139,
            "min": 0.019126063212752342,
            "max": 0.06522159278392792,
            "count": 195
        },
        "Player.Losses.CuriosityInverseLoss.mean": {
            "value": 0.16642411053180695,
            "min": 0.10812130570411682,
            "max": 0.41144031286239624,
            "count": 195
        },
        "BadCar.Policy.Entropy.mean": {
            "value": 0.6898024082183838,
            "min": 0.5542265772819519,
            "max": 0.9345996975898743,
            "count": 50
        },
        "BadCar.Environment.EpisodeLength.mean": {
            "value": 43.3568281938326,
            "min": 9.0,
            "max": 46.097674418604655,
            "count": 50
        },
        "BadCar.IsTraining.mean": {
            "value": 1.0,
            "min": 1.0,
            "max": 1.0,
            "count": 50
        },
        "BadCar.Policy.ExtrinsicValueEstimate.mean": {
            "value": 0.7102519869804382,
            "min": 0.4997924268245697,
            "max": 0.7432767152786255,
            "count": 49
        },
        "BadCar.Policy.CuriosityValueEstimate.mean": {
            "value": -0.24602095782756805,
            "min": -0.31109312176704407,
            "max": -0.14972427487373352,
            "count": 49
        },
        "BadCar.Environment.CumulativeReward.mean": {
            "value": 0.696380542209001,
            "min": 0.36423449053043694,
            "max": 0.8711300584625437,
            "count": 49
        },
        "BadCar.Policy.ExtrinsicReward.mean": {
            "value": 0.696380542209001,
            "min": 0.36423449053043694,
            "max": 0.8711300584625437,
            "count": 49
        },
        "BadCar.Policy.CuriosityReward.mean": {
            "value": 0.009049065250247115,
            "min": 0.0,
            "max": 0.025522453278897267,
            "count": 49
        },
        "BadCar.Losses.ValueLoss.mean": {
            "value": 0.009593593887984753,
            "min": 0.006524525582790375,
            "max": 0.03700999915599823,
            "count": 47
        },
        "BadCar.Losses.PolicyLoss.mean": {
            "value": 0.04146241024136543,
            "min": 0.026483051478862762,
            "max": 0.0420515350997448,
            "count": 47
        },
        "BadCar.Policy.LearningRate.mean": {
            "value": 0.000299510225886479,
            "min": 0.000299510225886479,
            "max": 0.0002996518451254815,
            "count": 47
        },
        "BadCar.Policy.Epsilon.mean": {
            "value": 0.19983674585819244,
            "min": 0.19983674585819244,
            "max": 0.19988398253917694,
            "count": 47
        },
        "BadCar.Policy.Beta.mean": {
            "value": 0.004991854075342417,
            "min": 0.004991854075342417,
            "max": 0.004994210787117481,
            "count": 47
        },
        "BadCar.Losses.CuriosityForwardLoss.mean": {
            "value": 0.020956432446837425,
            "min": 0.020956432446837425,
            "max": 0.04852677509188652,
            "count": 47
        },
        "BadCar.Losses.CuriosityInverseLoss.mean": {
            "value": 0.2852741479873657,
            "min": 0.2147987186908722,
            "max": 0.3377583920955658,
            "count": 47
        },
        "GoodCar.Policy.Entropy.mean": {
            "value": 0.5323811173439026,
            "min": 0.3479612171649933,
            "max": 0.6538282632827759,
            "count": 80
        },
        "GoodCar.Environment.EpisodeLength.mean": {
            "value": 34.12280701754386,
            "min": 9.5,
            "max": 38.682539682539684,
            "count": 80
        },
        "GoodCar.Policy.ExtrinsicValueEstimate.mean": {
            "value": 0.6869378089904785,
            "min": 0.25311079621315,
            "max": 0.832879364490509,
            "count": 80
        },
        "GoodCar.Policy.CuriosityValueEstimate.mean": {
            "value": 3782.18603515625,
            "min": 1109.9188232421875,
            "max": 3951.824951171875,
            "count": 80
        },
        "GoodCar.Environment.CumulativeReward.mean": {
            "value": 0.6447403381280438,
            "min": -0.0003333333491658171,
            "max": 0.7870598461410903,
            "count": 80
        },
        "GoodCar.Policy.ExtrinsicReward.mean": {
            "value": 0.6447403381280438,
            "min": -0.0003333333491658171,
            "max": 0.7870598461410903,
            "count": 80
        },
        "GoodCar.Policy.CuriosityReward.mean": {
            "value": 0.04232814025803747,
            "min": 0.0,
            "max": 0.0976051806731751,
            "count": 80
        },
        "GoodCar.IsTraining.mean": {
            "value": 1.0,
            "min": 1.0,
            "max": 1.0,
            "count": 80
        },
        "GoodCar.Losses.ValueLoss.mean": {
            "value": 6625816.0,
            "min": 577991.6875,
            "max": 6625816.0,
            "count": 76
        },
        "GoodCar.Losses.PolicyLoss.mean": {
            "value": 0.03737276419997215,
            "min": 0.025689832866191864,
            "max": 0.04199637845158577,
            "count": 76
        },