{
    "name": "root",
    "gauges": {
        "Player.Policy.Entropy.mean": {
            "value": 0.22805990278720856,
            "min": 0.16769637167453766,
            "max": 1.380176305770874,
            "count": 658
        },
        "Player.Environment.EpisodeLength.mean": {
            "value": 68.27083333333333,
            "min": 46.51851851851852,
            "max": 9999.0,
            "count": 633
        },
        "Player.Policy.ExtrinsicValueEstimate.mean": {
            "value": 0.4950103759765625,
            "min": -1.3551592826843262,
            "max": 0.6451405882835388,
            "count": 658
        },
        "Player.Policy.CuriosityValueEstimate.mean": {
            "value": 0.9661864042282104,
            "min": -1.1958783864974976,
            "max": 2.94179630279541,
            "count": 658
        },
        "Player.Environment.CumulativeReward.mean": {
            "value": 0.5752578416819839,
            "min": -4.998500236775726,
            "max": 0.8648440802935511,
            "count": 633
        },
        "Player.Policy.ExtrinsicReward.mean": {
            "value": 0.5752578416819839,
            "min": -4.998500236775726,
            "max": 0.8648440802935511,
            "count": 633
        },
        "Player.Policy.CuriosityReward.mean": {
            "value": 0.10611031577880364,
            "min": 0.0,
            "max": 126.35633121430874,
            "count": 633
        },
        "Player.IsTraining.mean": {
            "value": 1.0,
            "min": 1.0,
            "max": 1.0,
            "count": 658
        },
        "Player.Losses.ValueLoss.mean": {
            "value": 0.024806810542941093,
            "min": 0.0001515179465059191,
            "max": 7.024430751800537,
            "count": 640
        },
        "Player.Losses.PolicyLoss.mean": {
            "value": 0.03571471944451332,
            "min": 0.02220890298485756,
            "max": 0.04761834815144539,
            "count": 640
        },
        "Player.Policy.LearningRate.mean": {
            "value": 0.00029802817152813077,
            "min": 0.00029802817152813077,
            "max": 0.0002999969874508679,
            "count": 640
        },
        "Player.Policy.Epsilon.mean": {
            "value": 0.19934271275997162,
            "min": 0.19934271275997162,
            "max": 0.19999895989894867,
            "count": 640
        },
        "Player.Policy.Beta.mean": {
            "value": 0.004967201966792345,
            "min": 0.004967201966792345,
            "max": 0.004999947734177113,
            "count": 640
        },
        "Player.Losses.CuriosityForwardLoss.mean": {
            "value": 0.015214292332530022,
            "min": 0.010355246253311634,
            "max": 15.918634414672852,
            "count": 640
        },
        "Player.Losses.CuriosityInverseLoss.mean": {
            "value": 0.11056303977966309,
            "min": 0.059936895966529846,
            "max": 1.4068337678909302,
            "count": 640
        },
        "GoodCar.Policy.Entropy.mean": {
            "value": 0.4947068393230438,
            "min": 1.8572696717455983e-05,
            "max": 1.0774375200271606,
            "count": 213
        },
        "GoodCar.Environment.EpisodeLength.mean": {
            "value": 25.091145833333332,
            "min": 20.94298245614035,
            "max": 79.98347107438016,
            "count": 213
        },
        "GoodCar.Policy.ExtrinsicValueEstimate.mean": {
            "value": 0.13487088680267334,
            "min": -7.571705341339111,
            "max": 0.769490122795105,
            "count": 213
        },
        "GoodCar.Policy.CuriosityValueEstimate.mean": {
            "value": 98.59245300292969,
            "min": -4.856746673583984,
            "max": 104.52324676513672,
            "count": 213
        },
        "GoodCar.Environment.CumulativeReward.mean": {
            "value": 0.11713540852694375,
            "min": 0.06334150608303649,
            "max": 0.773444753631588,
            "count": 213
        },
        "GoodCar.Policy.ExtrinsicReward.mean": {
            "value": 0.11713540852694375,
            "min": 0.06334150608303649,
            "max": 0.773444753631588,
            "count": 213
        },
        "GoodCar.Policy.CuriosityReward.mean": {
            "value": 0.08537502019983852,
            "min": 0.0,
            "max": 65.1321131138966,
            "count": 213
        },
        "GoodCar.IsTraining.mean": {
            "value": 1.0,
            "min": 1.0,
            "max": 1.0,
            "count": 213
        },
        "GoodCar.Losses.ValueLoss.mean": {
            "value": 7403.77197265625,
            "min": 0.026109902188181877,
            "max": 8151.373046875,
            "count": 207
        },
        "GoodCar.Losses.PolicyLoss.mean": {
            "value": 0.03570863977074623,
            "min": 0.022649817168712616,
            "max": 0.04298613965511322,
            "count": 207
        },
        "GoodCar.Policy.LearningRate.mean": {
            "value": 0.0002993629314005375,
            "min": 0.0002993629314005375,
            "max": 0.0002999969874508679,
            "count": 207
        },
        "GoodCar.Policy.Epsilon.mean": {
            "value": 0.1997876614332199,
            "min": 0.1997876614332199,
            "max": 0.19999895989894867,
            "count": 207
        },
        "GoodCar.Policy.Beta.mean": {
            "value": 0.004989404696971178,
            "min": 0.004989404696971178,
            "max": 0.004999947734177113,
            "count": 207
        },
        "GoodCar.Losses.CuriosityForwardLoss.mean": {
            "value": 0.032840412110090256,
            "min": 0.0010932019213214517,
            "max": 377.9074401855469,
            "count": 207
        },
        "GoodCar.Losses.CuriosityInverseLoss.mean": {
            "value": 0.19166596233844757,
            "min": 2.9297858361587714e-08,
            "max": 1.211044430732727,
            "count": 207
        },
        "BadCar.Policy.Entropy.mean": {
            "value": 0.7771589756011963,
            "min": 0.5013878345489502,
            "max": 1.0824472904205322,
            "count": 178
        },
        "BadCar.Environment.EpisodeLength.mean": {
            "value": 37.57692307692308,
            "min": 29.09451219512195,
            "max": 89.84545454545454,
            "count": 178
        },
        "BadCar.Policy.ExtrinsicValueEstimate.mean": {
            "value": 0.10398762673139572,
            "min": -7.169866561889648,
            "max": 0.26859250664711,
            "count": 178
        },
        "BadCar.Policy.CuriosityValueEstimate.mean": {
            "value": 0.04854318127036095,
            "min": -4.718726634979248,
            "max": 0.4039042294025421,
            "count": 178
        },
        "BadCar.Environment.CumulativeReward.mean": {
            "value": 0.1420538505593028,
            "min": 0.0940827091996509,
            "max": 0.7789178158871013,
            "count": 178
        },
        "BadCar.Policy.ExtrinsicReward.mean": {
            "value": 0.1420538505593028,
            "min": 0.0940827091996509,
            "max": 0.7789178158871013,
            "count": 178
        },
        "BadCar.Policy.CuriosityReward.mean": {
            "value": 0.010703511320808991,
            "min": 0.0,
            "max": 14.343383204373644,
            "count": 178
        },
        "BadCar.IsTraining.mean": {
            "value": 1.0,
            "min": 1.0,
            "max": 1.0,
            "count": 178
        },
        "BadCar.Losses.ValueLoss.mean": {
            "value": 0.016829170286655426,
            "min": 0.006154303438961506,
            "max": 19.307153701782227,
            "count": 173
        },
        "BadCar.Losses.PolicyLoss.mean": {
            "value": 0.03774847090244293,
            "min": 0.026871217414736748,
            "max": 0.04504460468888283,
            "count": 173
        },