{
    "name": "root",
    "gauges": {
        "Player.Policy.Entropy.mean": {
            "value": 0.43055304884910583,
            "min": 0.3266052007675171,
            "max": 1.295516848564148,
            "count": 739
        },
        "Player.Environment.EpisodeLength.mean": {
            "value": 151.07142857142858,
            "min": 31.75,
            "max": 9999.0,
            "count": 670
        },
        "Player.Policy.ExtrinsicValueEstimate.mean": {
            "value": 0.2578509449958801,
            "min": -0.4480659067630768,
            "max": 0.5353350043296814,
            "count": 739
        },
        "Player.Policy.CuriosityValueEstimate.mean": {
            "value": 0.8134814500808716,
            "min": 0.35298508405685425,
            "max": 2.568427324295044,
            "count": 739
        },
        "Player.Environment.CumulativeReward.mean": {
            "value": 0.27649701615394673,
            "min": -4.984100233763456,
            "max": 1.0093338999897241,
            "count": 669
        },
        "Player.Policy.ExtrinsicReward.mean": {
            "value": 0.27649701615394673,
            "min": -4.984100233763456,
            "max": 1.0093338999897241,
            "count": 669
        },
        "Player.Policy.CuriosityReward.mean": {
            "value": 0.8411762696466868,
            "min": 0.0,
            "max": 114.15747103095055,
            "count": 669
        },
        "Player.IsTraining.mean": {
            "value": 1.0,
            "min": 1.0,
            "max": 1.0,
            "count": 739
        },
        "Player.Losses.ValueLoss.mean": {
            "value": 0.019693244248628616,
            "min": 7.869277760619298e-05,
            "max": 0.040822673588991165,
            "count": 719
        },
        "Player.Losses.PolicyLoss.mean": {
            "value": 0.03243815526366234,
            "min": 0.022379163652658463,
            "max": 0.04692891985177994,
            "count": 719
        },
        "Player.Policy.LearningRate.mean": {
            "value": 0.00029773806454613805,
            "min": 0.00029773806454613805,
            "max": 0.0002999510325025767,
            "count": 719
        },
        "Player.Policy.Epsilon.mean": {
            "value": 0.19924606382846832,
            "min": 0.19924606382846832,
            "max": 0.19998368620872498,
            "count": 719
        },
        "Player.Policy.Beta.mean": {
            "value": 0.004962376318871975,
            "min": 0.004962376318871975,
            "max": 0.00499918544664979,
            "count": 719
        },
        "Player.Losses.CuriosityForwardLoss.mean": {
            "value": 0.04454058036208153,
            "min": 0.030181895941495895,
            "max": 0.3608121871948242,
            "count": 719
        },
        "Player.Losses.CuriosityInverseLoss.mean": {
            "value": 0.19693168997764587,
            "min": 0.13258640468120575,
            "max": 1.266735315322876,
            "count": 719
        },
        "GoodCar.Policy.Entropy.mean": {
            "value": 0.2169918566942215,
            "min": 4.2109408241230994e-05,
            "max": 0.8215139508247375,
            "count": 290
        },
        "GoodCar.Environment.EpisodeLength.mean": {
            "value": 27.727011494252874,
            "min": 25.486772486772487,
            "max": 85.6923076923077,
            "count": 290
        },
        "GoodCar.Policy.ExtrinsicValueEstimate.mean": {
            "value": 0.6491637229919434,
            "min": -0.3635105490684509,
            "max": 1.1376875638961792,
            "count": 290
        },
        "GoodCar.Policy.CuriosityValueEstimate.mean": {
            "value": 11909.103515625,
            "min": 11.848794937133789,
            "max": 12514.48046875,
            "count": 290
        },
        "GoodCar.Environment.CumulativeReward.mean": {
            "value": 0.5138390731804432,
            "min": 0.29086126308522126,
            "max": 0.8882310109169963,
            "count": 290
        },
        "GoodCar.Policy.ExtrinsicReward.mean": {
            "value": 0.5138390731804432,
            "min": 0.29086126308522126,
            "max": 0.8882310109169963,
            "count": 290
        },
        "GoodCar.Policy.CuriosityReward.mean": {
            "value": 0.03348224748090919,
            "min": 0.0,
            "max": 3.504607866924653,
            "count": 290
        },
        "GoodCar.IsTraining.mean": {
            "value": 1.0,
            "min": 1.0,
            "max": 1.0,
            "count": 290
        },
        "GoodCar.Losses.ValueLoss.mean": {
            "value": 11070234.0,
            "min": 0.21873275935649872,
            "max": 11553415.0,
            "count": 281
        },
        "GoodCar.Losses.PolicyLoss.mean": {
            "value": 0.034909795969724655,
            "min": 0.025583062320947647,
            "max": 0.06779841333627701,
            "count": 281
        },
        "GoodCar.Policy.LearningRate.mean": {
            "value": 0.0002991056826431304,
            "min": 0.0002991056826431304,
            "max": 0.0002999673888552934,
            "count": 281
        },
        "GoodCar.Policy.Epsilon.mean": {
            "value": 0.1997019350528717,
            "min": 0.1997019350528717,
            "max": 0.19998911023139954,
            "count": 281
        },
        "GoodCar.Policy.Beta.mean": {
            "value": 0.004985124338418245,
            "min": 0.004985124338418245,
            "max": 0.00499945692718029,
            "count": 281
        },
        "GoodCar.Losses.CuriosityForwardLoss.mean": {
            "value": 0.012194158509373665,
            "min": 0.004829698707908392,
            "max": 1.0714417695999146,
            "count": 281
        },
        "GoodCar.Losses.CuriosityInverseLoss.mean": {
            "value": 0.0581437312066555,
            "min": 5.446159320854349e-06,
            "max": 0.6753518581390381,
            "count": 281
        },
        "BadCar.Policy.Entropy.mean": {
            "value": 0.042225513607263565,
            "min": 0.0209675170481205,
            "max": 0.9452403783798218,
            "count": 137
        },
        "BadCar.Environment.EpisodeLength.mean": {
            "value": 28.14868804664723,
            "min": 25.358839050131927,
            "max": 65.68211920529801,
            "count": 137
        },
        "BadCar.Policy.ExtrinsicValueEstimate.mean": {
            "value": 0.7027687430381775,
            "min": -3.4836769104003906,
            "max": 0.802375078201294,
            "count": 137
        },
        "BadCar.Policy.CuriosityValueEstimate.mean": {
            "value": 2.1338932514190674,
            "min": 0.25711339712142944,
            "max": 2.138611316680908,
            "count": 137
        },
        "BadCar.Environment.CumulativeReward.mean": {
            "value": 0.7189038100383589,
            "min": 0.4864295420202508,
            "max": 0.8856154047994764,
            "count": 137
        },
        "BadCar.Policy.ExtrinsicReward.mean": {
            "value": 0.7189038100383589,
            "min": 0.4864295420202508,
            "max": 0.8856154047994764,
            "count": 137
        },
        "BadCar.Policy.CuriosityReward.mean": {
            "value": 0.0033744221323939536,
            "min": 0.0,
            "max": 0.80088832618838,
            "count": 137
        },
        "BadCar.IsTraining.mean": {
            "value": 1.0,
            "min": 1.0,
            "max": 1.0,
            "count": 137
        },
        "BadCar.Losses.ValueLoss.mean": {
            "value": 0.10479710251092911,
            "min": 0.004025332164019346,
            "max": 3.246335506439209,
            "count": 132
        },
        "BadCar.Losses.PolicyLoss.mean": {
            "value": 0.03197744861245155,
            "min": 0.024153394624590874,
            "max": 0.0423138290643692,
            "count": 132
        },