{"cameraMode":{"drawMode":0,"name":"Shaded","section":"Shading Mode"},"sceneLighting":false,"audioPlay":false,"sceneViewState":{"showFog":true,"showMaterialUpdate":true,"showSkybox":false,"showFlares":true,"showImageEffects":true,"showParticleSystems":true},"in2DMode":false,"pivot":{"x":10.502312660217286,"y":-6.47679328918457,"z":-2.882823944091797},"rotation":{"x":-0.0004226651508361101,"y":0.935787558555603,"z":-0.35256415605545046,"w":-0.0011221125023439527},"size":12.454610824584961,"orthographic":false}